;2023 Lunar New Year Promos
;2024 Lunar New Year Promos
;30th Anniversary Celebration
;30th Anniversary Edition
;30th Anniversary History Promos
;Aetherdrift
;Aetherdrift: Extras
;Aetherdrift: First-Place
;Aetherdrift: Promos
ARB;Alara Reborn
;Bloomburrow
;Bloomburrow: Extras
;Bloomburrow: Promos
;Bloomburrow: Tokens
;Breaking News
moxfield_code;cardmarket_name
CM2;Commander Anthology Volume II
CC2;Commander Collection: Black
CLB;Commander Legends: Battle for Baldur's Gate
CMM;Commander Masters
;Commander Masters: Extras
;Commander: Aetherdrift
;Commander: Bloomburrow
;Commander: Bloomburrow: Extras
;Commander: Dominaria United
;Commander: Dominaria United: Extras
DSC;Commander: Duskmourn: House of Horror
;Commander: Duskmourn: House of Horror: Extras
;Commander: March of the Machine
;Commander: March of the Machine: Extras
M3C;Commander: Modern Horizons 3
;Commander: Modern Horizons 3: Extras
;Commander: Murders at Karlov Manor
;Commander: Murders at Karlov Manor: Extras
;Commander: Outlaws of Thunder Junction
;Commander: Outlaws of Thunder Junction: Extras
;Commander: Phyrexia: All Will Be One
;Commander: Phyrexia: All Will Be One: Extras
;Commander: The Brothers' War
;Commander: The Brothers' War: Extras
;Commander: The Lord of the Rings: Tales of Middle-earth
;Commander: The Lord of the Rings: Tales of Middle-earth: Extras
LCC;Commander: The Lost Caverns of Ixalan
;Commander: The Lost Caverns of Ixalan: Extras
;Commander: Wilds of Eldraine
;Commander: Wilds of Eldraine: Extras
DOM;Dominaria
;Dominaria Remastered
;Dominaria Remastered: Extras
;Dominaria United
;Dominaria United: Extras
;Dominaria United: Promos
;Dominaria: Shadows of the Present Commander
2X2;Double Masters 2022
DSK;Duskmourn: House of Horror
;Duskmourn: House of Horror: Extras
;Duskmourn: House of Horror: Promos
;Duskmourn: House of Horror: Tokens
EMN;Eldritch Moon
;Enchanting Tales
EMA;Eternal Masters
;Foundation
J25;Foundations Jumpstart
;Game Night: Free For All
GRN;Guilds of Ravnica
GK1;Guilds of Ravnica: Guild Kits
IKO;Ikoria: Lair of Behemoths
INR;Innistrad Remastered
;Innistrad Remastered: Extras
;Innistrad Remastered: Tokens
JOU;Journey into Nyx
;Jumpstart 2022
FDN;Magic: The Gathering Foundations
;Magic: The Gathering Foundations: Beginner Box
;Magic: The Gathering Foundations: Extras
;Magic: The Gathering Foundations: Promos
;Magic: The Gathering Foundations: Starter Collection
;Magic: The Gathering Foundations: Tokens
;MagicCon Products
MOM;March of the Machine
;March of the Machine: Extras
;March of the Machine: Promos
;March of the Machine: The Aftermath
;March of the Machine: The Aftermath: Extras
;Masters 25
MIC;Midnight Hunt Commander
MH1;Modern Horizons
MH2;Modern Horizons 2
MH3;Modern Horizons 3
;Modern Horizons 3: Extras
;Modern Horizons 3: Promos
;Modern Horizons 3: Retro Frame Cards
;Modern Horizons 3: Tokens
;Multiverse Legends
MKM;Murders at Karlov Manor
;Murders at Karlov Manor: Extras
;Murders at Karlov Manor: Promos
;Murders at Karlov Manor: Tokens
;Mystery Booster 2
;Mystery Booster 2: Playtest Cards
;Mystery Booster 2: Reprints from Across Magic's History
NCC;New Capenna Commander
OTJ;Outlaws of Thunder Junction
OTC;Outlaws of Thunder Junction Commander
;Outlaws of Thunder Junction: Extras
;Outlaws of Thunder Junction: Promos
;Outlaws of Thunder Junction: Tokens
ONE;Phyrexia: All Will Be One
;Phyrexia: All Will Be One: Extras
;Phyrexia: All Will Be One: Promos
RVR;Ravnica Remastered
;Ravnica Remastered: Extras
;Ravnica Remastered: Tokens
RAV;Ravnica: City of Guilds
;Ravnica: Cluedo Edition
;Retro Frame Artifacts
RTR;Return to Ravnica
RIX;Rivals of Ixalan
;Secret Lair Commander Deck: 20 Ways to Win
;Secret Lair Commander Deck: Angels: They're Just Like Us but Cooler
;Secret Lair Commander Deck: From Cute to Brute
;Secret Lair Commander Deck: Raining Cats and Dogs
;Secret Lair Drop Series: 30th Anniversary Countdown Kit
;Secret Lair Drop Series: April Superdrop 2022
;Secret Lair Drop Series: August Superdrop 2022
;Secret Lair Drop Series: Calling All Hydra Heads
;Secret Lair Drop Series: Camp Totally Safe Superdrop
;Secret Lair Drop Series: Chaos Vault
;Secret Lair Drop Series: December Superdrop 2022
;Secret Lair Drop Series: Equinox Superdrop 2024
;Secret Lair Drop Series: Fall Superdrop 2023
;Secret Lair Drop Series: February Superdrop 2022
;Secret Lair Drop Series: Fortnite
;Secret Lair Drop Series: Inside an Elevator Superdrop
;Secret Lair Drop Series: June Superdrop 2022
;Secret Lair Drop Series: LI'L'ER Walkers
;Secret Lair Drop Series: LI'L'EST WALKERS
;Secret Lair Drop Series: Magic 30
;Secret Lair Drop Series: Marvel Superdrop
;Secret Lair Drop Series: October Superdrop 2022
;Secret Lair Drop Series: Pride Across the Multiverse
;Secret Lair Drop Series: Secret Lair x Beadle & Grimm's: Here Be Dragons
;Secret Lair Drop Series: Secret Lair x Doctor Who: Regeneration
;Secret Lair Drop Series: Secret Lair x Dungeons & Dragons: 50th Anniversary Superdrop
;Secret Lair Drop Series: Secret Lair x Dungeons & Dragons: Honor Among Thieves
;Secret Lair Drop Series: Secretversary 2023
;Secret Lair Drop Series: Sheldon's Spellbook
;Secret Lair Drop Series: Spookydrop 2023
;Secret Lair Drop Series: Spring Superdrop 2023
;Secret Lair Drop Series: Spring Superdrop 2024
;Secret Lair Drop Series: Summer Superdrop 2023
;Secret Lair Drop Series: Summer Superdrop 2024
;Secret Lair Drop Series: Winter Superdrop 2023
;Secret Lair Drop Series: Winter Superdrop 2024
;Secret Lair Drop: WPN Exclusive: More Borderless Planeswalkers
;Special Guests
SCD;Starter Commander Decks
;Streets of New Capenna Commander
STX;Strixhaven: School of Mages
PSTX;Strixhaven: School of Mages: Promos 
;The Big Score
BRO;The Brothers' War
;The Brothers' War: Extras
;The Brothers' War: Promos
LTR;The Lord of the Rings: Tales of Middle-earth
;The Lord of the Rings: Tales of Middle-earth Holiday Release
;The Lord of the Rings: Tales of Middle-earth: Extras
;The Lord of the Rings: Tales of Middle-earth: Promos
LCI;The Lost Caverns of Ixalan
;The Lost Caverns of Ixalan: Extras
;The Lost Caverns of Ixalan: Promos
;The Lost Caverns of Ixalan: Tokens
THS;Theros
UMA;Ultimate Masters
;Unfinity
;Unfinity: Extras
;Universes Beyond: Assassin's Creed
;Universes Beyond: Assassin's Creed: Extras
;Universes Beyond: Assassin's Creed: Tokens
CLU;Universes Beyond: Clue
;Universes Beyond: Doctor Who
;Universes Beyond: Doctor Who: Extras
;Universes Beyond: Fallout
;Universes Beyond: Fallout: Extras
;Universes Beyond: Fallout: Tokens
;Universes Beyond: Jurassic World Collection
;Universes Beyond: Transformers
;Universes Beyond: Warhammer 40,000
WAR;War of the Spark
;Wilds of Eldraine
;Wilds of Eldraine: Extras
;Wilds of Eldraine: Promos
ZEN;Zendikar
